patient	a	b	cor	quantile_0.025	quantile_0.975
Patient_4	Patient_4_T1	Patient_4_T2	0.007066353409491846	-0.26274203074602054	0.3310432970392869
Patient_4	Patient_4_T1	Patient_4_T3	0.3074431519736902	-0.030684602588318427	0.6410927649033329
Patient_4	Patient_4_T2	Patient_4_T3	0.4994521550318856	-0.3050979723821778	0.8499204629694249
Patient_7	Patient_7_T2	Patient_7_T4	0.25701181369608306	-0.22166867107906116	0.7100872087162112
Patient_3	Patient_3_T4	Patient_3_T1	0.5345758273530988	0.1275448632565663	0.8330406545751459
Patient_10	Patient_10_T6	Patient_10_T7	0.6807389221967972	0.37520787066707406	0.875686251621068
Patient_10	Patient_10_T6	Patient_10_T9	0.6251532848419171	0.12247624749076952	0.8673289717718327
Patient_10	Patient_10_T7	Patient_10_T9	0.28849872888985467	0.010478236421446943	0.6555992025572757
