a	b	cor	patient
CC003P1	CC003P2	0.007066353409491846	CC003
CC003P1	CC003P3	0.3074431519736902	CC003
CC003P2	CC003P3	0.4994521550318856	CC003
WGS00BP1	WGS00BP2	0.25701181369608306	WGS00B
WGS00DP1	WGS00DP2	0.5345758273530988	WGS00D
WGS00EP1	WGS00EP2	0.6807389221967972	WGS00E
WGS00EP1	WGS00EP3	0.6251532848419171	WGS00E
WGS00EP2	WGS00EP3	0.28849872888985467	WGS00E
